fedebotta;aaa;the missing person;grumbach;
fedebotta;aaa;goat brothers;colton;
fede;aaa;goat brothers;colton;
fedebotta;ccc;goat brothers;colton;
fedebotta;ok;prince william;garner;
fedebotta;babini;the missing person;grumbach;
fedebotta;babini;goat brothers;colton;
fedebotta;aaa;prince william;garner;
fedebotta;aaa;goat brothers;colton;
fedebotta;fede's best;the foundation of leadership: enduring principles to govern our lives;short, bo;
fedebotta;fede's best;goat brothers;colton, larry;
fedebotta;da leggere;goat brothers;colton, larry;
fedebotta;da leggere;the missing person;grumbach, doris;
fedebotta;da leggere;the genesis of ethics;visotzky, burton l.;
